<?xml version="1.0" encoding="UTF-8"?>
<ExceptionReport xmlns="http://www.opengis.net/ows/1.1" 
xmlns:xsi="http://www.w3.org/2001/XMLSchema-instance" 
xsi:schemaLocation="http://www.opengis.net/ows/1.1 ../owsExceptionReport.xsd" 
version="1.0.0" xml:lang="en">
	<!-- Simple example. Primary editor: Arliss Whiteside. Last updated 2006-10-04. -->
	<Exception exceptionCode="InvalidParameterValue">
		<ExceptionText>service</ExceptionText>
	</Exception>
	<Exception exceptionCode="InvalidParameterValue">
		<ExceptionText>version</ExceptionText>
	</Exception>
</ExceptionReport>
